"SEARCHVAL","BLK_NO","ROAD_NAME","BUILDING","ADDRESS","POSTAL","X","Y","LATITUDE","LONGITUDE","LONGTITUDE"
"ADMIRALTY PRIMARY SCHOOL","11","WOODLANDS CIRCLE","ADMIRALTY PRIMARY SCHOOL","11 WOODLANDS CIRCLE ADMIRALTY PRIMARY SCHOOL SINGAPORE 738907","738907","24296.6250855932","47144.7700594757","1.44263479033113","103.800040119743","103.800040119743"
"AHMAD IBRAHIM PRIMARY SCHOOL","10","YISHUN STREET 11","AHMAD IBRAHIM PRIMARY SCHOOL","10 YISHUN STREET 11 AHMAD IBRAHIM PRIMARY SCHOOL SINGAPORE 768643","768643","27958.1371433483","46096.2627680507","1.4331527154352","103.832942401086","103.832942401086"
"AI TONG SCHOOL","100","BRIGHT HILL DRIVE","AI TONG SCHOOL","100 BRIGHT HILL DRIVE AI TONG SCHOOL SINGAPORE 579646","579646","27966.8088298794","38071.9191181604","1.36058343389044","103.833020333986","103.833020333986"
"ALEXANDRA PRIMARY SCHOOL","2A","PRINCE CHARLES CRESCENT","ALEXANDRA PRIMARY SCHOOL","2A PRINCE CHARLES CRESCENT ALEXANDRA PRIMARY SCHOOL SINGAPORE 159016","159016","27010.1854815334","30414.7169698291","1.29133439161336","103.824424680531","103.824424680531"
"ANCHOR GREEN PRIMARY SCHOOL","31","ANCHORVALE DRIVE","ANCHOR GREEN PRIMARY SCHOOL","31 ANCHORVALE DRIVE ANCHOR GREEN PRIMARY SCHOOL SINGAPORE 544969","544969","33992.4459471302","41365.6508988272","1.39037014886962","103.887165375937","103.887165375937"
"ANDERSON PRIMARY SCHOOL","19","ANG MO KIO AVENUE 9","ANDERSON PRIMARY SCHOOL","19 ANG MO KIO AVENUE 9 ANDERSON PRIMARY SCHOOL SINGAPORE 569785","569785","28898.477648247","40690.4297215324","1.38426429436739","103.841392081119","103.841392081119"
"ANG MO KIO PRIMARY SCHOOL","20","ANG MO KIO AVENUE 3","ANG MO KIO PRIMARY SCHOOL","20 ANG MO KIO AVENUE 3 ANG MO KIO PRIMARY SCHOOL SINGAPORE 569920","569920","28702.480467556","39038.1602696721","1.3693217658461","103.839630858752","103.839630858752"
"ANGLO-CHINESE SCHOOL (JUNIOR)","16","WINSTEDT ROAD","ANGLO-CHINESE SCHOOL (JUNIOR)","16 WINSTEDT ROAD ANGLO-CHINESE SCHOOL (JUNIOR) SINGAPORE 227988","227988","28849.8721698103","32406.925238777","1.30935122599558","103.840955091346","103.840955091346"
"ANGLO-CHINESE SCHOOL (PRIMARY)","50","BARKER ROAD","ANGLO-CHINESE SCHOOL (PRIMARY)","50 BARKER ROAD ANGLO-CHINESE SCHOOL (PRIMARY) SINGAPORE 309918","309918","28254.9829174643","33404.234054137","1.31837054550897","103.835609732082","103.835609732082"
"ANGSANA PRIMARY SCHOOL","3","TAMPINES STREET 22","ANGSANA PRIMARY SCHOOL","3 TAMPINES STREET 22 ANGSANA PRIMARY SCHOOL SINGAPORE 529366","529366","41186.5743382685","36742.7219521441","1.34855974654082","103.951808106156","103.951808106156"
"BEACON PRIMARY SCHOOL","36","BUKIT PANJANG RING ROAD","BEACON PRIMARY SCHOOL","36 BUKIT PANJANG RING ROAD BEACON PRIMARY SCHOOL SINGAPORE 679944","679944","21357.6378878588","40655.6862834729","1.38394934487102","103.77363194111","103.77363194111"
"BEDOK GREEN PRIMARY SCHOOL","1","BEDOK SOUTH AVENUE 2","BEDOK GREEN PRIMARY SCHOOL","1 BEDOK SOUTH AVENUE 2 BEDOK GREEN PRIMARY SCHOOL SINGAPORE 469317","469317","39636.5324891722","33965.689382473","1.32344593287994","103.937878976352","103.937878976352"
"BENDEMEER PRIMARY SCHOOL","91","BENDEMEER ROAD","BENDEMEER PRIMARY SCHOOL","91 BENDEMEER ROAD BENDEMEER PRIMARY SCHOOL SINGAPORE 339948","339948","31570.8074810542","33784.8514976744","1.32181250780476","103.865404167629","103.865404167629"
"BLANGAH RISE PRIMARY SCHOOL","91","TELOK BLANGAH HEIGHTS","BLANGAH RISE PRIMARY SCHOOL","91 TELOK BLANGAH HEIGHTS BLANGAH RISE PRIMARY SCHOOL SINGAPORE 109100","109100","25252.1939881919","28732.4525514655","1.27612047869293","103.808628536055","103.808628536055"
"BOON LAY GARDEN PRIMARY SCHOOL","20","BOON LAY DRIVE","BOON LAY GARDEN PRIMARY SCHOOL","20 BOON LAY DRIVE BOON LAY GARDEN PRIMARY SCHOOL SINGAPORE 649930","649930","14641.102775434","36147.7026988063","1.34317853793319","103.713280889452","103.713280889452"
"BUKIT PANJANG PRIMARY SCHOOL","109","CASHEW ROAD","BUKIT PANJANG PRIMARY SCHOOL","109 CASHEW ROAD BUKIT PANJANG PRIMARY SCHOOL SINGAPORE 679676","679676","20883.8530479278","39513.7297099233","1.37362179302439","103.769374904025","103.769374904025"
"BUKIT TIMAH PRIMARY SCHOOL","111","LORONG KISMIS","BUKIT TIMAH PRIMARY SCHOOL","111 LORONG KISMIS BUKIT TIMAH PRIMARY SCHOOL SINGAPORE 598112","598112","20646.5238155555","35521.62664783","1.33751860013149","103.767243310781","103.767243310781"
"BUKIT VIEW PRIMARY SCHOOL","18","BUKIT BATOK STREET 21","BUKIT VIEW PRIMARY SCHOOL","18 BUKIT BATOK STREET 21 BUKIT VIEW PRIMARY SCHOOL SINGAPORE 659634","659634","19135.5408017598","36444.0823762417","1.34586054842037","103.753665986188","103.753665986188"
"CANBERRA PRIMARY SCHOOL","21","ADMIRALTY DRIVE","CANBERRA PRIMARY SCHOOL","21 ADMIRALTY DRIVE CANBERRA PRIMARY SCHOOL SINGAPORE 757714","757714","26054.8552722549","48103.4229366668","1.45130467584564","103.815839476605","103.815839476605"
"CANTONMENT PRIMARY SCHOOL","1","CANTONMENT CLOSE","CANTONMENT PRIMARY SCHOOL","1 CANTONMENT CLOSE CANTONMENT PRIMARY SCHOOL SINGAPORE 088256","088256","28739.4305021623","28660.7930697463","1.27547252623205","103.839962631748","103.839962631748"
"CANOSSA CONVENT PRIMARY SCHOOL","1","SALLIM ROAD","CANOSSA CONVENT PRIMARY SCHOOL","1 SALLIM ROAD CANOSSA CONVENT PRIMARY SCHOOL SINGAPORE 387621","387621","33440.1470168158","34279.7409919333","1.3262878362503","103.882201253526","103.882201253526"
"CASUARINA PRIMARY SCHOOL","30","PASIR RIS STREET 41","CASUARINA PRIMARY SCHOOL","30 PASIR RIS STREET 41 CASUARINA PRIMARY SCHOOL SINGAPORE 518935","518935","41766.4977979418","39385.5958912373","1.37246063955374","103.957020286387","103.957020286387"
"CATHOLIC HIGH SCHOOL","9","BISHAN STREET 22","CATHOLIC HIGH SCHOOL","9 BISHAN STREET 22 CATHOLIC HIGH SCHOOL SINGAPORE 579767","579767","29286.0617525252","37423.9135497641","1.35472307471664","103.844874676599","103.844874676599"
"CEDAR PRIMARY SCHOOL","15","CEDAR AVENUE","CEDAR PRIMARY SCHOOL","15 CEDAR AVENUE CEDAR PRIMARY SCHOOL SINGAPORE 349700","349700","32707.7902984489","35308.1392943561","1.33558842561171","103.875620790518","103.875620790518"
"CHANGKAT PRIMARY SCHOOL","11","SIMEI STREET 3","CHANGKAT PRIMARY SCHOOL","11 SIMEI STREET 3 CHANGKAT PRIMARY SCHOOL SINGAPORE 529896","529896","41216.8906296883","35821.8419446964","1.34023163951634","103.952080114035","103.952080114035"
"CHIJ (KATONG) PRIMARY","17","MARTIA ROAD","CHIJ (KATONG) PRIMARY","17 MARTIA ROAD CHIJ (KATONG) PRIMARY SINGAPORE 424821","424821","36656.9804726075","32090.1643723622","1.30648535277089","103.911105620496","103.911105620496"
"CHIJ (KELLOCK)","121","QUEENSWAY","CHIJ (KELLOCK)","121 QUEENSWAY CHIJ (KELLOCK) SINGAPORE 149059","149059","24321.3921962176","31599.7069281563","1.30205082145356","103.800264607379","103.800264607379"
"CHIJ OUR LADY OF GOOD COUNSEL","2C","BURGHLEY DRIVE","CHIJ OUR LADY OF GOOD COUNSEL","2C BURGHLEY DRIVE CHIJ OUR LADY OF GOOD COUNSEL SINGAPORE 558979","558979","31415.5340866447","37723.197379699","1.3574295229699","103.864009397373","103.864009397373"
"CHIJ OUR LADY OF THE NATIVITY","1257","UPPER SERANGOON ROAD","CHIJ OUR LADY OF THE NATIVITY","1257 UPPER SERANGOON ROAD CHIJ OUR LADY OF THE NATIVITY SINGAPORE 534793","534793","35152.2810922312","39477.7654127423","1.37329653701214","103.897586935857","103.897586935857"
"CHIJ OUR LADY QUEEN OF PEACE","4","CHESTNUT DRIVE","CHIJ OUR LADY QUEEN OF PEACE","4 CHESTNUT DRIVE CHIJ OUR LADY QUEEN OF PEACE SINGAPORE 679287","679287","20665.4072236288","38737.7066427022","1.36660366856101","103.767412204602","103.767412204602"
"CHIJ PRIMARY (TOA PAYOH)","628","LORONG 1 TOA PAYOH","CHIJ PRIMARY (TOA PAYOH)","628 LORONG 1 TOA PAYOH CHIJ PRIMARY (TOA PAYOH) SINGAPORE 319765","319765","28949.1537291817","34994.5345916767","1.33275264711591","103.841847263786","103.841847263786"
"CHIJ SAINT NICHOLAS GIRLS' SCHOOL","501","ANG MO KIO STREET 13","CHIJ SAINT NICHOLAS GIRLS' SCHOOL","501 ANG MO KIO STREET 13 CHIJ SAINT NICHOLAS GIRLS' SCHOOL SINGAPORE 569405","569405","28104.0195931308","39497.6106162667","1.37347687878919","103.834253269436","103.834253269436"
"CHONGFU%20PRIMARY%20SCHOOL",,,,,,,,,,
"CHONGZHENG PRIMARY SCHOOL","1","TAMPINES STREET 21","CHONGZHENG PRIMARY SCHOOL","1 TAMPINES STREET 21 CHONGZHENG PRIMARY SCHOOL SINGAPORE 529392","529392","41141.0940594189","36980.1959562823","1.35070739237745","103.951399541868","103.951399541868"
"CHUA CHU KANG PRIMARY SCHOOL","20","CHOA CHU KANG AVENUE 2","CHUA CHU KANG PRIMARY SCHOOL","20 CHOA CHU KANG AVENUE 2 CHUA CHU KANG PRIMARY SCHOOL SINGAPORE 689905","689905","17810.5888717994","39961.9454587325","1.37767438647328","103.741759290853","103.741759290853"
"CLEMENTI PRIMARY SCHOOL","8","CLEMENTI AVENUE 3","CLEMENTI PRIMARY SCHOOL","8 CLEMENTI AVENUE 3 CLEMENTI PRIMARY SCHOOL SINGAPORE 129903","129903","20170.508104153","33037.9834906776","1.3150573077302","103.76296666874","103.76296666874"
"COMPASSVALE PRIMARY SCHOOL","21","COMPASSVALE STREET","COMPASSVALE PRIMARY SCHOOL","21 COMPASSVALE STREET COMPASSVALE PRIMARY SCHOOL SINGAPORE 545091","545091","35177.2900137771","41816.2900234852","1.39444529636568","103.897812229905","103.897812229905"
"CONCORD PRIMARY SCHOOL","3","CHOA CHU KANG AVENUE 4","CONCORD PRIMARY SCHOOL","3 CHOA CHU KANG AVENUE 4 CONCORD PRIMARY SCHOOL SINGAPORE 689814","689814","17194.7500582747","40220.0161901638","1.38000806197243","103.736225440727","103.736225440727"
"CORPORATION PRIMARY SCHOOL","31","JURONG WEST STREET 24","CORPORATION PRIMARY SCHOOL","31 JURONG WEST STREET 24 CORPORATION PRIMARY SCHOOL SINGAPORE 648347","648347","14008.2264165552","37012.2807454541","1.35099716777266","103.707593724647","103.707593724647"
"DAMAI PRIMARY SCHOOL","50","BEDOK RESERVOIR CRESCENT","DAMAI PRIMARY SCHOOL","50 BEDOK RESERVOIR CRESCENT DAMAI PRIMARY SCHOOL SINGAPORE 479225","479225","37684.5037578894","35261.2777360696","1.33516344314226","103.920339391121","103.920339391121"
"DAZHONG PRIMARY SCHOOL","35","BUKIT BATOK STREET 31","DAZHONG PRIMARY SCHOOL","35 BUKIT BATOK STREET 31 DAZHONG PRIMARY SCHOOL SINGAPORE 659441","659441","18557.570232396","37916.8722190708","1.35917974472771","103.74847210784","103.74847210784"
"DE LA SALLE SCHOOL","11","CHOA CHU KANG STREET 52","DE LA SALLE SCHOOL","11 CHOA CHU KANG STREET 52 DE LA SALLE SCHOOL SINGAPORE 689285","689285","17971.1954546729","41845.4133931305","1.39470782963993","103.743201812831","103.743201812831"
"EAST SPRING PRIMARY SCHOOL","31","TAMPINES STREET 33","EAST SPRING PRIMARY SCHOOL","31 TAMPINES STREET 33 EAST SPRING PRIMARY SCHOOL SINGAPORE 529258","529258","42284.8340225695","37198.81848507","1.35268400746359","103.961676849165","103.961676849165"
"EDGEFIELD PRIMARY SCHOOL","41","EDGEFIELD PLAINS","EDGEFIELD PRIMARY SCHOOL","41 EDGEFIELD PLAINS EDGEFIELD PRIMARY SCHOOL SINGAPORE 828869","828869","36294.0746121528","42440.6405269783","1.40009139510997","103.907847599114","103.907847599114"
"ENDEAVOUR PRIMARY SCHOOL","10","ADMIRALTY LINK","ENDEAVOUR PRIMARY SCHOOL","10 ADMIRALTY LINK ENDEAVOUR PRIMARY SCHOOL SINGAPORE 757521","757521","26232.5507349828","48405.7003912646","1.45403837499303","103.817436231731","103.817436231731"
"ELIAS PARK PRIMARY SCHOOL","11","PASIR RIS STREET 52","ELIAS PARK PRIMARY SCHOOL","11 PASIR RIS STREET 52 ELIAS PARK PRIMARY SCHOOL SINGAPORE 518866","518866","40443.0314508909","39612.4369948395","1.37451269459895","103.945128117683","103.945128117683"
"EUNOS PRIMARY SCHOOL","95","JALAN EUNOS","EUNOS PRIMARY SCHOOL","95 JALAN EUNOS EUNOS PRIMARY SCHOOL SINGAPORE 419529","419529","35926.3698536847","34079.4906147048","1.32447629876371","103.904541254016","103.904541254016"
"EVERGREEN PRIMARY SCHOOL","31","WOODLANDS CIRCLE","EVERGREEN PRIMARY SCHOOL","31 WOODLANDS CIRCLE EVERGREEN PRIMARY SCHOOL SINGAPORE 738908","738908","23689.1373903845","47312.39509161","1.44415064298951","103.794581221647","103.794581221647"
"FAIRFIELD METHODIST SCHOOL (PRIMARY)","100","DOVER ROAD","FAIRFIELD METHODIST SCHOOL (PRIMARY)","100 DOVER ROAD FAIRFIELD METHODIST SCHOOL (PRIMARY) SINGAPORE 139648","139648","22671.3515878757","31432.765680043","1.30054082453427","103.785438270044","103.785438270044"
"FARRER PARK PRIMARY SCHOOL","2","FARRER PARK ROAD","FARRER PARK PRIMARY SCHOOL","2 FARRER PARK ROAD FARRER PARK PRIMARY SCHOOL SINGAPORE 217567","217567","29941.7508788565","32740.5719474107","1.31236855965766","103.850766169884","103.850766169884"
"FENGSHAN PRIMARY SCHOOL","307","BEDOK NORTH ROAD","FENGSHAN PRIMARY SCHOOL","307 BEDOK NORTH ROAD FENGSHAN PRIMARY SCHOOL SINGAPORE 469680","469680","38949.9907227503","34668.9245775416","1.32980598760786","103.931710293058","103.931710293058"
"FERN GREEN PRIMARY SCHOOL","70","FERNVALE LINK","FERN GREEN PRIMARY SCHOOL","70 FERNVALE LINK FERN GREEN PRIMARY SCHOOL SINGAPORE 797538","797538","33231.7764054537","42128.5479522292","1.39726966050481","103.880330305684","103.880330305684"
"FERNVALE PRIMARY SCHOOL","1","FERNVALE LANE","FERNVALE PRIMARY SCHOOL","1 FERNVALE LANE FERNVALE PRIMARY SCHOOL SINGAPORE 797701","797701","32576.88490103","41358.117803039","1.39030227963798","103.874445458032","103.874445458032"
"FIRST TOA PAYOH PRIMARY SCHOOL","7","LORONG 8 TOA PAYOH","FIRST TOA PAYOH PRIMARY SCHOOL","7 LORONG 8 TOA PAYOH FIRST TOA PAYOH PRIMARY SCHOOL SINGAPORE 319252","319252","30471.8818405755","35831.6344849318","1.34032299527313","103.85552990727","103.85552990727"
"FRONTIER PRIMARY SCHOOL","20","JURONG WEST STREET 61","FRONTIER PRIMARY SCHOOL","20 JURONG WEST STREET 61 FRONTIER PRIMARY SCHOOL SINGAPORE 648200","648200","13129.8467444247","35399.6791207269","1.33641298743236","103.69970173931","103.69970173931"
"FUCHUN PRIMARY SCHOOL","23","WOODLANDS AVENUE 1","FUCHUN PRIMARY SCHOOL","23 WOODLANDS AVENUE 1 FUCHUN PRIMARY SCHOOL SINGAPORE 739063","739063","21865.3411816824","45800.7908879835","1.43047990810127","103.778192944298","103.778192944298"
"FUHUA PRIMARY SCHOOL","65","JURONG EAST STREET 13","FUHUA PRIMARY SCHOOL","65 JURONG EAST STREET 13 FUHUA PRIMARY SCHOOL SINGAPORE 609647","609647","17181.0134181529","35409.5467255637","1.33650394789627","103.736103745748","103.736103745748"
"GAN ENG SENG PRIMARY SCHOOL","100","REDHILL CLOSE","GAN ENG SENG PRIMARY SCHOOL","100 REDHILL CLOSE GAN ENG SENG PRIMARY SCHOOL SINGAPORE 158901","158901","26022.2170935366","29780.1080715619","1.28559516494963","103.815547410064","103.815547410064"
"GEYLANG METHODIST SCHOOL (PRIMARY)","4","GEYLANG EAST CENTRAL","GEYLANG METHODIST SCHOOL (PRIMARY)","4 GEYLANG EAST CENTRAL GEYLANG METHODIST SCHOOL (PRIMARY) SINGAPORE 389706","389706","33623.1818729443","33318.1223668922","1.31759126757286","103.883845744916","103.883845744916"
"GONGSHANG PRIMARY SCHOOL","1","TAMPINES STREET 42","GONGSHANG PRIMARY SCHOOL","1 TAMPINES STREET 42 GONGSHANG PRIMARY SCHOOL SINGAPORE 529176","529176","40886.9426989323","37702.2191547398","1.35723721033471","103.949116145623","103.949116145623"
"GREENDALE PRIMARY SCHOOL","50","EDGEDALE PLAINS","GREENDALE PRIMARY SCHOOL","50 EDGEDALE PLAINS GREENDALE PRIMARY SCHOOL SINGAPORE 828848","828848","36794.148679073","42042.1682419889","1.39648761034483","103.912341048919","103.912341048919"
"GREENRIDGE PRIMARY SCHOOL","11","JELAPANG ROAD","GREENRIDGE PRIMARY SCHOOL","11 JELAPANG ROAD GREENRIDGE PRIMARY SCHOOL SINGAPORE 677744","677744","20708.0073222201","40870.2050487604","1.38588921936923","103.767794469258","103.767794469258"
"GREENWOOD PRIMARY SCHOOL","11","WOODLANDS DRIVE 62","GREENWOOD PRIMARY SCHOOL","11 WOODLANDS DRIVE 62 GREENWOOD PRIMARY SCHOOL SINGAPORE 737942","737942","24818.0410170285","46842.3174743243","1.43989958331785","103.804725587384","103.804725587384"
"GUANGYANG PRIMARY SCHOOL","6","BISHAN STREET 12","GUANGYANG PRIMARY SCHOOL","6 BISHAN STREET 12 GUANGYANG PRIMARY SCHOOL SINGAPORE 579806","579806","29795.6102129053","36425.0979033709","1.34569011530241","103.849453239895","103.849453239895"
"HAIG GIRLS' SCHOOL","860","NEW UPPER CHANGI ROAD","HAIG GIRLS' SCHOOL","860 NEW UPPER CHANGI ROAD HAIG GIRLS' SCHOOL SINGAPORE 467353","467353","39778.8124435321","33990.2467359696","1.3236679659596","103.939157444931","103.939157444931"
"HENRY PARK PRIMARY SCHOOL","1","HOLLAND GROVE ROAD","HENRY PARK PRIMARY SCHOOL","1 HOLLAND GROVE ROAD HENRY PARK PRIMARY SCHOOL SINGAPORE 278790","278790","22544.2873791987","33216.964525478","1.31667646178349","103.784296227747","103.784296227747"
"HOLY INNOCENTS' PRIMARY SCHOOL","4300","ANG MO KIO AVENUE 5","HOLY INNOCENTS' PRIMARY SCHOOL","4300 ANG MO KIO AVENUE 5 HOLY INNOCENTS' PRIMARY SCHOOL SINGAPORE 569869","569869","30656.2492144192","39668.3978354633","1.37502129760825","103.857186897742","103.857186897742"
"HONG WEN SCHOOL","30","TOWNER ROAD","HONG WEN SCHOOL","30 TOWNER ROAD HONG WEN SCHOOL SINGAPORE 327829","327829","30705.4493981991","33779.0355954077","1.32175999964555","103.857628468881","103.857628468881"
"HORIZON PRIMARY SCHOOL","61","EDGEDALE PLAINS","HORIZON PRIMARY SCHOOL","61 EDGEDALE PLAINS HORIZON PRIMARY SCHOOL SINGAPORE 828819","828819","36912.5247354368","42380.7999362014","1.39955003449202","103.913404855665","103.913404855665"
"HOUGANG PRIMARY SCHOOL","1","HOUGANG STREET 93","HOUGANG PRIMARY SCHOOL","1 HOUGANG STREET 93 HOUGANG PRIMARY SCHOOL SINGAPORE 534238","534238","33284.9030731544","39929.5262386091","1.37738249360778","103.880807295096","103.880807295096"
"INNOVA PRIMARY SCHOOL","80","WOODLANDS DRIVE 17","INNOVA PRIMARY SCHOOL","80 WOODLANDS DRIVE 17 INNOVA PRIMARY SCHOOL SINGAPORE 737888","737888","23246.8971469207","45633.4723797217","1.42896700684853","103.790607539185","103.790607539185"
"HUAMIN PRIMARY SCHOOL","21","YISHUN AVENUE 11","HUAMIN PRIMARY SCHOOL","21 YISHUN AVENUE 11 HUAMIN PRIMARY SCHOOL SINGAPORE 768857","768857","29215.4177919282","45412.9266837835","1.42697284512938","103.844240226564","103.844240226564"
"JIEMIN PRIMARY SCHOOL","2","YISHUN STREET 71","JIEMIN PRIMARY SCHOOL","2 YISHUN STREET 71 JIEMIN PRIMARY SCHOOL SINGAPORE 768515","768515","27678.3140832763","45491.8036267571","1.42768620385279","103.830427933344","103.830427933344"
"JING SHAN PRIMARY SCHOOL","5","ANG MO KIO STREET 52","JING SHAN PRIMARY SCHOOL","5 ANG MO KIO STREET 52 JING SHAN PRIMARY SCHOOL SINGAPORE 569228","569228","30093.7277568923","39360.0670565348","1.372232909835","103.852132214306","103.852132214306"
"JUNYUAN PRIMARY SCHOOL","2","TAMPINES STREET 91","JUNYUAN PRIMARY SCHOOL","2 TAMPINES STREET 91 JUNYUAN PRIMARY SCHOOL SINGAPORE 528906","528906","39785.7187801814","36666.4452711176","1.34787051230886","103.939220537934","103.939220537934"
"JURONG PRIMARY SCHOOL","320","JURONG EAST STREET 32","JURONG PRIMARY SCHOOL","320 JURONG EAST STREET 32 JURONG PRIMARY SCHOOL SINGAPORE 609476","609476","16853.0771883987","36747.1039994862","1.3486002031607","103.733156560251","103.733156560251"
"JURONG WEST PRIMARY SCHOOL","30","JURONG WEST STREET 61","JURONG WEST PRIMARY SCHOOL","30 JURONG WEST STREET 61 JURONG WEST PRIMARY SCHOOL SINGAPORE 648368","648368","13029.9245329099","35705.116522558","1.33917519796107","103.698803732244","103.698803732244"
"JUYING PRIMARY SCHOOL","31","JURONG WEST STREET 91","JUYING PRIMARY SCHOOL","31 JURONG WEST STREET 91 JUYING PRIMARY SCHOOL SINGAPORE 649037","649037","11801.9418699732","35688.3182758819","1.33902264667596","103.687769624799","103.687769624799"
"KEMING PRIMARY SCHOOL","90","BUKIT BATOK EAST AVENUE 6","KEMING PRIMARY SCHOOL","90 BUKIT BATOK EAST AVENUE 6 KEMING PRIMARY SCHOOL SINGAPORE 659762","659762","19445.4281722866","36407.3312022872","1.3455282740887","103.75645052262","103.75645052262"
"KHENG CHENG SCHOOL","15","LORONG 3 TOA PAYOH","KHENG CHENG SCHOOL","15 LORONG 3 TOA PAYOH KHENG CHENG SCHOOL SINGAPORE 319580","319580","29539.0955887856","35500.8163193762","1.33733125525749","103.847148251567","103.847148251567"
"KONG HWA SCHOOL","350","GUILLEMARD ROAD","KONG HWA SCHOOL","350 GUILLEMARD ROAD KONG HWA SCHOOL SINGAPORE 399772","399772","34124.7036575256","32588.9436960109","1.31099674009195","103.888352029067","103.888352029067"
"KRANJI PRIMARY SCHOOL","11","CHOA CHU KANG STREET 54","KRANJI PRIMARY SCHOOL","11 CHOA CHU KANG STREET 54 KRANJI PRIMARY SCHOOL SINGAPORE 689189","689189","18411.9609814342","41719.0113874003","1.39356484584867","103.747162479282","103.747162479282"
"KUO CHUAN PRESBYTERIAN PRIMARY SCHOOL","8B","BISHAN STREET 13","KUO CHUAN PRESBYTERIAN PRIMARY SCHOOL","8B BISHAN STREET 13 KUO CHUAN PRESBYTERIAN PRIMARY SCHOOL SINGAPORE 579802","579802","30360.5099772522","36877.6806866024","1.34978307376409","103.854529246517","103.854529246517"
"LAKESIDE PRIMARY SCHOOL","161","CORPORATION WALK","LAKESIDE PRIMARY SCHOOL","161 CORPORATION WALK LAKESIDE PRIMARY SCHOOL SINGAPORE 618310","618310","15176.2292257221","35597.6142998803","1.33820397676916","103.718089546936","103.718089546936"
"LIANHUA PRIMARY SCHOOL","2","BUKIT BATOK STREET 52","LIANHUA PRIMARY SCHOOL","2 BUKIT BATOK STREET 52 LIANHUA PRIMARY SCHOOL SINGAPORE 659243","659243","19191.1979939705","37370.8497486655","1.35424191127296","103.754165828711","103.754165828711"
"MAHA BODHI SCHOOL","10","UBI AVENUE 1","MAHA BODHI SCHOOL","10 UBI AVENUE 1 MAHA BODHI SCHOOL SINGAPORE 408931","408931","35565.4979411997","34521.1796176508","1.32847086658388","103.901298737314","103.901298737314"
"MARIS STELLA HIGH SCHOOL","25","MOUNT VERNON ROAD","MARIS STELLA HIGH SCHOOL","25 MOUNT VERNON ROAD MARIS STELLA HIGH SCHOOL SINGAPORE 368051","368051","32956.1427370068","35950.1756834146","1.34139473351042","103.877852484707","103.877852484707"
"MARSILING PRIMARY SCHOOL","31","WOODLANDS CENTRE ROAD","MARSILING PRIMARY SCHOOL","31 WOODLANDS CENTRE ROAD MARSILING PRIMARY SCHOOL SINGAPORE 738927","738927","21359.0114489598","46172.2397052348","1.4338390403706","103.773643013846","103.773643013846"
"MARYMOUNT CONVENT SCHOOL","20","MARYMOUNT ROAD","MARYMOUNT CONVENT SCHOOL","20 MARYMOUNT ROAD MARYMOUNT CONVENT SCHOOL SINGAPORE 297754","297754","28745.9144793665","35836.4646800421","1.34036676987376","103.840021064426","103.840021064426"
"MAYFLOWER PRIMARY SCHOOL","200","ANG MO KIO AVENUE 5","MAYFLOWER PRIMARY SCHOOL","200 ANG MO KIO AVENUE 5 MAYFLOWER PRIMARY SCHOOL SINGAPORE 569878","569878","29105.5558772413","39818.2753261477","1.37637683520311","103.843252803198","103.843252803198"
"MEE TOH SCHOOL","21","EDGEDALE PLAINS","MEE TOH SCHOOL","21 EDGEDALE PLAINS MEE TOH SCHOOL SINGAPORE 828867","828867","36376.6569616916","41835.4725095052","1.39461845385922","103.908589494228","103.908589494228"
"MERIDIAN PRIMARY SCHOOL","20","PASIR RIS STREET 71","MERIDIAN PRIMARY SCHOOL","20 PASIR RIS STREET 71 MERIDIAN PRIMARY SCHOOL SINGAPORE 518798","518798","39303.5458041914","39724.6885971092","1.37552831658488","103.934889078246","103.934889078246"
"PAYA LEBAR METHODIST GIRLS' SCHOOL (PRIMARY)","298","LORONG AH SOO","PAYA LEBAR METHODIST GIRLS' SCHOOL (PRIMARY)","298 LORONG AH SOO PAYA LEBAR METHODIST GIRLS' SCHOOL (PRIMARY) SINGAPORE 536741","536741","33748.3760953201","36843.4187818971","1.34947276268398","103.884971343143","103.884971343143"
"MONTFORT JUNIOR SCHOOL","52","HOUGANG AVENUE 8","MONTFORT JUNIOR SCHOOL","52 HOUGANG AVENUE 8 MONTFORT JUNIOR SCHOOL SINGAPORE 538786","538786","34230.9110763958","39536.1151842494","1.3738244407598","103.889307782925","103.889307782925"
"NAN CHIAU PRIMARY SCHOOL","50","ANCHORVALE LINK","NAN CHIAU PRIMARY SCHOOL","50 ANCHORVALE LINK NAN CHIAU PRIMARY SCHOOL SINGAPORE 545080","545080","34439.3196740774","41569.2687405832","1.39221149906595","103.891180928186","103.891180928186"
"NAN HUA PRIMARY SCHOOL","30","JALAN LEMPENG","NAN HUA PRIMARY SCHOOL","30 JALAN LEMPENG NAN HUA PRIMARY SCHOOL SINGAPORE 128806","128806","19963.690633839","33497.793874938","1.31921561369444","103.761108191333","103.761108191333"
"NANYANG PRIMARY SCHOOL","52","KING'S ROAD","NANYANG PRIMARY SCHOOL","52 KING'S ROAD NANYANG PRIMARY SCHOOL SINGAPORE 268097","268097","25154.487211477","33678.1373927575","1.32084749904534","103.807750155296","103.807750155296"
"NAVAL BASE PRIMARY SCHOOL","7","YISHUN AVENUE 4","NAVAL BASE PRIMARY SCHOOL","7 YISHUN AVENUE 4 NAVAL BASE PRIMARY SCHOOL SINGAPORE 769028","769028","28609.3447617423","44233.5083953626","1.41630663159389","103.838794077233","103.838794077233"
"NEW TOWN PRIMARY SCHOOL","300","TANGLIN HALT ROAD","NEW TOWN PRIMARY SCHOOL","300 TANGLIN HALT ROAD NEW TOWN PRIMARY SCHOOL SINGAPORE 148812","148812","24303.3274160316","31333.3311160151","1.29964181064172","103.800102318609","103.800102318609"
"NGEE ANN PRIMARY SCHOOL","344","MARINE TERRACE","NGEE ANN PRIMARY SCHOOL","344 MARINE TERRACE NGEE ANN PRIMARY SCHOOL SINGAPORE 449149","449149","37364.5041869497","31984.0027186852","1.305525059105","103.917463017497","103.917463017497"
"NORTH SPRING PRIMARY SCHOOL","1","RIVERVALE STREET","NORTH SPRING PRIMARY SCHOOL","1 RIVERVALE STREET NORTH SPRING PRIMARY SCHOOL SINGAPORE 545088","545088","35777.2005732823","40999.8398870286","1.38706146494863","103.903202683028","103.903202683028"
"NORTH VIEW PRIMARY SCHOOL","210","YISHUN AVENUE 6","NORTH VIEW PRIMARY SCHOOL","210 YISHUN AVENUE 6 NORTH VIEW PRIMARY SCHOOL SINGAPORE 768960","768960","29655.0564113883","45473.7925722413","1.42752327193729","103.848190787869","103.848190787869"
"NORTH VISTA PRIMARY SCHOOL","20","COMPASSVALE LINK","NORTH VISTA PRIMARY SCHOOL","20 COMPASSVALE LINK NORTH VISTA PRIMARY SCHOOL SINGAPORE 544974","544974","34971.4042828055","40531.0861005466","1.38282243016301","103.895961877928","103.895961877928"
"NORTHLAND PRIMARY SCHOOL","15","YISHUN AVENUE 4","NORTHLAND PRIMARY SCHOOL","15 YISHUN AVENUE 4 NORTHLAND PRIMARY SCHOOL SINGAPORE 769026","769026","28846.8654693803","44749.149679793","1.42096989918956","103.840928424929","103.840928424929"
"NORTHOAKS PRIMARY SCHOOL","61","SEMBAWANG DRIVE","NORTHOAKS PRIMARY SCHOOL","61 SEMBAWANG DRIVE NORTHOAKS PRIMARY SCHOOL SINGAPORE 757622","757622","25872.0767556801","48689.8195981421","1.45660782030105","103.814196981329","103.814196981329"
"OASIS PRIMARY SCHOOL","71","EDGEFIELD PLAINS","OASIS PRIMARY SCHOOL","71 EDGEFIELD PLAINS OASIS PRIMARY SCHOOL SINGAPORE 828716","828716","36658.2990973182","42941.8599344026","1.40462413200795","103.911120600638","103.911120600638"
"OPERA ESTATE PRIMARY SCHOOL","48","FIDELIO STREET","OPERA ESTATE PRIMARY SCHOOL","48 FIDELIO STREET OPERA ESTATE PRIMARY SCHOOL SINGAPORE 458436","458436","38068.3909911728","33509.3080883566","1.3193191443626","103.923788259248","103.923788259248"
"PALM VIEW PRIMARY SCHOOL","150","COMPASSVALE BOW","PALM VIEW PRIMARY SCHOOL","150 COMPASSVALE BOW PALM VIEW PRIMARY SCHOOL SINGAPORE 544822","544822","34458.6783197634","40635.7654705271","1.38376923022127","103.891354675017","103.891354675017"
"PARK VIEW PRIMARY SCHOOL","60","PASIR RIS DRIVE 1","PARK VIEW PRIMARY SCHOOL","60 PASIR RIS DRIVE 1 PARK VIEW PRIMARY SCHOOL SINGAPORE 519524","519524","39821.3162899353","39929.5384668745","1.37738069854251","103.939541695654","103.939541695654"
"PASIR RIS PRIMARY SCHOOL","5","PASIR RIS STREET 21","PASIR RIS PRIMARY SCHOOL","5 PASIR RIS STREET 21 PASIR RIS PRIMARY SCHOOL SINGAPORE 518968","518968","42410.5136828683","39380.9927665405","1.37241870245533","103.962807212116","103.962807212116"
"PAYA LEBAR METHODIST GIRLS' SCHOOL (PRIMARY)","298","LORONG AH SOO","PAYA LEBAR METHODIST GIRLS' SCHOOL (PRIMARY)","298 LORONG AH SOO PAYA LEBAR METHODIST GIRLS' SCHOOL (PRIMARY) SINGAPORE 536741","536741","33748.3760953201","36843.4187818971","1.34947276268398","103.884971343143","103.884971343143"
"PEI CHUN PUBLIC SCHOOL","580","TOA PAYOH EAST","PEI CHUN PUBLIC SCHOOL","580 TOA PAYOH EAST PEI CHUN PUBLIC SCHOOL SINGAPORE 319133","319133","30816.7546719583","34993.2463862896","1.33274088113984","103.858628716978","103.858628716978"
"PEI HWA PRESBYTERIAN PRIMARY SCHOOL","7","PEI WAH AVENUE","PEI HWA PRESBYTERIAN PRIMARY SCHOOL","7 PEI WAH AVENUE PEI HWA PRESBYTERIAN PRIMARY SCHOOL SINGAPORE 597610","597610","21633.0989682619","35580.9228991866","1.33805507824253","103.776108247761","103.776108247761"
"PEI TONG PRIMARY SCHOOL","15","CLEMENTI AVENUE 5","PEI TONG PRIMARY SCHOOL","15 CLEMENTI AVENUE 5 PEI TONG PRIMARY SCHOOL SINGAPORE 129857","129857","20683.6471949052","33162.5489562284","1.31618395958382","103.767577449156","103.767577449156"
"YISHUN PRIMARY SCHOOL","500","YISHUN RING ROAD","YISHUN PRIMARY SCHOOL","500 YISHUN RING ROAD YISHUN PRIMARY SCHOOL SINGAPORE 768679","768679","28085.5266117798","46122.0614720955","1.43338602948303","103.834087115915","103.834087115915"
"PEIYING PRIMARY SCHOOL","651","YISHUN RING ROAD","PEIYING PRIMARY SCHOOL","651 YISHUN RING ROAD PEIYING PRIMARY SCHOOL SINGAPORE 768687","768687","27677.105997242","44335.9849220235","1.41723339695906","103.830417090698","103.830417090698"
"PIONEER PRIMARY SCHOOL","23","JURONG WEST STREET 81","PIONEER PRIMARY SCHOOL","23 JURONG WEST STREET 81 PIONEER PRIMARY SCHOOL SINGAPORE 649076","649076","12607.0934523968","36773.4045769703","1.34883617453429","103.695003812477","103.695003812477"
"POI CHING SCHOOL","21","TAMPINES STREET 71","POI CHING SCHOOL","21 TAMPINES STREET 71 POI CHING SCHOOL SINGAPORE 529067","529067","39343.403805065","37747.9291978553","1.35765122315691","103.935246477199","103.935246477199"
"PRINCESS ELIZABETH PRIMARY SCHOOL","30","BUKIT BATOK WEST AVENUE 3","PRINCESS ELIZABETH PRIMARY SCHOOL","30 BUKIT BATOK WEST AVENUE 3 PRINCESS ELIZABETH PRIMARY SCHOOL SINGAPORE 659163","659163","17728.1546840407","36813.7803722415","1.34920351265302","103.74101964471","103.74101964471"
"PUNGGOL PRIMARY SCHOOL","61","HOUGANG AVENUE 8","PUNGGOL PRIMARY SCHOOL","61 HOUGANG AVENUE 8 PUNGGOL PRIMARY SCHOOL SINGAPORE 538787","538787","34809.5016551372","39975.1199618615","1.37779451245844","103.894506933396","103.894506933396"
"PUNGGOL COVE PRIMARY SCHOOL","52","SUMANG WALK","PUNGGOL COVE PRIMARY SCHOOL","52 SUMANG WALK PUNGGOL COVE PRIMARY SCHOOL SINGAPORE 828674","828674","35287.6769569106","43713.055106882","1.41159891873965","103.898804620697","103.898804620697"
"PUNGGOL GREEN PRIMARY SCHOOL","98","PUNGGOL WALK","PUNGGOL GREEN PRIMARY SCHOOL","98 PUNGGOL WALK PUNGGOL GREEN PRIMARY SCHOOL SINGAPORE 828772","828772","35287.3409520229","42637.5237120893","1.40187220643297","103.898801330302","103.898801330302"
"PUNGGOL VIEW PRIMARY SCHOOL","9","PUNGGOL PLACE","PUNGGOL VIEW PRIMARY SCHOOL","9 PUNGGOL PLACE PUNGGOL VIEW PRIMARY SCHOOL SINGAPORE 828845","828845","35994.5599585734","42999.5250743851","1.40514582647964","103.905156371376","103.905156371376"
"QIFA PRIMARY SCHOOL","50","WEST COAST AVENUE","QIFA PRIMARY SCHOOL","50 WEST COAST AVENUE QIFA PRIMARY SCHOOL SINGAPORE 128104","128104","19477.8902518759","32838.32442878","1.31325147892085","103.756743208641","103.756743208641"
"QIHUA PRIMARY SCHOOL","5","WOODLANDS STREET 81","QIHUA PRIMARY SCHOOL","5 WOODLANDS STREET 81 QIHUA PRIMARY SCHOOL SINGAPORE 738525","738525","22994.555115696","47078.5774599053","1.44203596612333","103.788339756898","103.788339756898"
"QUEENSTOWN PRIMARY SCHOOL","310","MARGARET DRIVE","QUEENSTOWN PRIMARY SCHOOL","310 MARGARET DRIVE QUEENSTOWN PRIMARY SCHOOL SINGAPORE 149303","149303","25132.029336134","30885.6966638323","1.29559365009016","103.807548617332","103.807548617332"
"RADIN MAS PRIMARY SCHOOL","1","BUKIT PURMEI AVENUE","RADIN MAS PRIMARY SCHOOL","1 BUKIT PURMEI AVENUE RADIN MAS PRIMARY SCHOOL SINGAPORE 099840","099840","26983.8685896061","28603.9263991751","1.27495823622639","103.824188270373","103.824188270373"
"RAFFLES GIRLS' PRIMARY SCHOOL","21","HILLCREST ROAD","RAFFLES GIRLS' PRIMARY SCHOOL","21 HILLCREST ROAD RAFFLES GIRLS' PRIMARY SCHOOL SINGAPORE 289072","289072","25009.0146507304","34624.3017604034","1.32940426000123","103.806442915912","103.806442915912"
"RED SWASTIKA SCHOOL","350","BEDOK NORTH AVENUE 3","RED SWASTIKA SCHOOL","350 BEDOK NORTH AVENUE 3 RED SWASTIKA SCHOOL SINGAPORE 469719","469719","39241.7795945583","35048.9817909691","1.33324297847733","103.934332314404","103.934332314404"
"RIVER VALLEY PRIMARY SCHOOL","2","RIVER VALLEY GREEN","RIVER VALLEY PRIMARY SCHOOL","2 RIVER VALLEY GREEN RIVER VALLEY PRIMARY SCHOOL SINGAPORE 237993","237993","28331.1099838475","30689.3107816949","1.29381773551582","103.836293744289","103.836293744289"
"RIVERSIDE PRIMARY SCHOOL","110","WOODLANDS CRESCENT","RIVERSIDE PRIMARY SCHOOL","110 WOODLANDS CRESCENT RIVERSIDE PRIMARY SCHOOL SINGAPORE 737803","737803","24496.0361921676","47632.685174657","1.44704734253722","103.801831963297","103.801831963297"
"RIVERVALE PRIMARY SCHOOL","80","RIVERVALE DRIVE","RIVERVALE PRIMARY SCHOOL","80 RIVERVALE DRIVE RIVERVALE PRIMARY SCHOOL SINGAPORE 545092","545092","35928.1770339198","41702.2789433207","1.39341402618231","103.904559511847","103.904559511847"
"ROSYTH SCHOOL","21","SERANGOON NORTH AVENUE 4","ROSYTH SCHOOL","21 SERANGOON NORTH AVENUE 4 ROSYTH SCHOOL SINGAPORE 555855","555855","32638.8043574635","39432.831561802","1.37289067499066","103.875001549174","103.875001549174"
"RULANG PRIMARY SCHOOL","6","JURONG WEST STREET 52","RULANG PRIMARY SCHOOL","6 JURONG WEST STREET 52 RULANG PRIMARY SCHOOL SINGAPORE 649295","649295","15217.2735802177","36541.3390983064","1.34673868889098","103.718457955487","103.718457955487"
"SEMBAWANG PRIMARY SCHOOL","10","SEMBAWANG DRIVE","SEMBAWANG PRIMARY SCHOOL","10 SEMBAWANG DRIVE SEMBAWANG PRIMARY SCHOOL SINGAPORE 757715","757715","26631.5284953006","47411.1056454685","1.44504364423834","103.821021505115","103.821021505115"
"SENG KANG PRIMARY SCHOOL","21","COMPASSVALE WALK","SENG KANG PRIMARY SCHOOL","21 COMPASSVALE WALK SENG KANG PRIMARY SCHOOL SINGAPORE 545166","545166","35394.8580362806","41269.1828393471","1.38949740395092","103.899767112047","103.899767112047"
"SENGKANG GREEN PRIMARY SCHOOL","15","FERNVALE ROAD","SENGKANG GREEN PRIMARY SCHOOL","15 FERNVALE ROAD SENGKANG GREEN PRIMARY SCHOOL SINGAPORE 797636","797636","32662.81664511","41639.3984784037","1.39284606680479","103.875217666486","103.875217666486"
"SHUQUN PRIMARY SCHOOL","8","JURONG WEST STREET 51","SHUQUN PRIMARY SCHOOL","8 JURONG WEST STREET 51 SHUQUN PRIMARY SCHOOL SINGAPORE 649332","649332","15558.463857362","36642.4359194655","1.34765311431636","103.721523713379","103.721523713379"
"SI LING PRIMARY SCHOOL","61","WOODLANDS AVENUE 1","SI LING PRIMARY SCHOOL","61 WOODLANDS AVENUE 1 SI LING PRIMARY SCHOOL SINGAPORE 739067","739067","22738.0565941436","46014.1202728506","1.43240935732527","103.786035065192","103.786035065192"
"SINGAPORE CHINESE GIRLS' SCHOOL (PRIMARY)","190","DUNEARN ROAD","SINGAPORE CHINESE GIRLS' SCHOOL (PRIMARY)","190 DUNEARN ROAD SINGAPORE CHINESE GIRLS' SCHOOL (PRIMARY) SINGAPORE 309437","309437","27417.1566228662","33702.9661895335","1.32107216883114","103.828081425237","103.828081425237"
"SOUTH VIEW PRIMARY SCHOOL","6","CHOA CHU KANG CENTRAL","SOUTH VIEW PRIMARY SCHOOL","6 CHOA CHU KANG CENTRAL SOUTH VIEW PRIMARY SCHOOL SINGAPORE 689762","689762","18313.2418920044","40403.370676199","1.38166664389752","103.746275846011","103.746275846011"
"SPRINGDALE PRIMARY SCHOOL","71","ANCHORVALE LINK","SPRINGDALE PRIMARY SCHOOL","71 ANCHORVALE LINK SPRINGDALE PRIMARY SCHOOL SINGAPORE 544799","544799","34299.6806921009","41841.1254489496","1.39467010299297","103.889926221247","103.889926221247"
"ST.%20ANDREW%27S%20JUNIOR%20SCHOOL",,,,,,,,,,
"ST.%20ANTHONY%27S%20CANOSSIAN%20PRIMARY%20SCHOOL",,,,,,,,,,
"SAINT ANTHONY'S PRIMARY SCHOOL","30","BUKIT BATOK STREET 32","SAINT ANTHONY'S PRIMARY SCHOOL","30 BUKIT BATOK STREET 32 SAINT ANTHONY'S PRIMARY SCHOOL SINGAPORE 659401","659401","18644.373300924","38462.7800646238","1.36411676276186","103.749251919144","103.749251919144"
"ST.%20GABRIEL%27S%20PRIMARY%20SCHOOL",,,,,,,,,,
"ST.%20HILDA%27S%20PRIMARY%20SCHOOL",,,,,,,,,,
"Morning Star Community Services (St Joseph's Institution Junior)","3","ESSEX ROAD","Morning Star Community Services (St Joseph's Institution Junior)","3 ESSEX ROAD Morning Star Community Services (St Joseph's Institution Junior) SINGAPORE 309331","309331","29368.1309083998","33333.2565100919","1.31772862027101","103.845611937411","103.845611937411"
"ST.%20MARGARET%27S%20PRIMARY%20SCHOOL",,,,,,,,,,
"SAINT STEPHEN'S SCHOOL","20","SIGLAP VIEW","SAINT STEPHEN'S SCHOOL","20 SIGLAP VIEW SAINT STEPHEN'S SCHOOL SINGAPORE 455789","455789","37341.6528278189","33450.7695051674","1.31878997295137","103.917258129598","103.917258129598"
"STAMFORD PRIMARY SCHOOL","1","VICTORIA LANE","STAMFORD PRIMARY SCHOOL","1 VICTORIA LANE STAMFORD PRIMARY SCHOOL SINGAPORE 198423","198423","30685.9966796199","31755.1155901868","1.3034563846745","103.857453500579","103.857453500579"
"TAMPINES NORTH PRIMARY SCHOOL","30","TAMPINES AVENUE 9","TAMPINES NORTH PRIMARY SCHOOL","30 TAMPINES AVENUE 9 TAMPINES NORTH PRIMARY SCHOOL SINGAPORE 529565","529565","40843.4826263869","38060.3925251365","1.36047641484685","103.948725782833","103.948725782833"
"TAMPINES PRIMARY SCHOOL","250","TAMPINES STREET 12","TAMPINES PRIMARY SCHOOL","250 TAMPINES STREET 12 TAMPINES PRIMARY SCHOOL SINGAPORE 529426","529426","40318.1325834999","36877.4678724092","1.34977870805929","103.944004684986","103.944004684986"
"TANJONG KATONG PRIMARY SCHOOL","10","SERAYA ROAD","TANJONG KATONG PRIMARY SCHOOL","10 SERAYA ROAD TANJONG KATONG PRIMARY SCHOOL SINGAPORE 437259","437259","35435.3037505941","31957.0435401425","1.30528177350467","103.900128254182","103.900128254182"
"TAO NAN SCHOOL","49","MARINE CRESCENT","TAO NAN SCHOOL","49 MARINE CRESCENT TAO NAN SCHOOL SINGAPORE 449761","449761","36706.7907984033","31957.468684243","1.30528528687323","103.911553152326","103.911553152326"
"TECK GHEE PRIMARY SCHOOL","1","ANG MO KIO STREET 32","TECK GHEE PRIMARY SCHOOL","1 ANG MO KIO STREET 32 TECK GHEE PRIMARY SCHOOL SINGAPORE 569299","569299","29962.9602906751","38625.2859029397","1.36558782075971","103.850957126982","103.850957126982"
"TECK WHYE PRIMARY SCHOOL","11","TECK WHYE WALK","TECK WHYE PRIMARY SCHOOL","11 TECK WHYE WALK TECK WHYE PRIMARY SCHOOL SINGAPORE 688261","688261","19094.0433355467","40622.6493846066","1.38364996834459","103.753291857016","103.753291857016"
"TELOK KURAU PRIMARY SCHOOL","50","BEDOK RESERVOIR ROAD","TELOK KURAU PRIMARY SCHOOL","50 BEDOK RESERVOIR ROAD TELOK KURAU PRIMARY SCHOOL SINGAPORE 479239","479239","36637.797290423","34805.9404149782","1.3310458544135","103.910934011337","103.910934011337"
"TEMASEK PRIMARY SCHOOL","501","BEDOK SOUTH AVENUE 3","TEMASEK PRIMARY SCHOOL","501 BEDOK SOUTH AVENUE 3 TEMASEK PRIMARY SCHOOL SINGAPORE 469300","469300","40494.796937095","33331.119106153","1.31770677551335","103.945590669163","103.945590669163"
"TOWNSVILLE PRIMARY SCHOOL","3","ANG MO KIO AVENUE 10","TOWNSVILLE PRIMARY SCHOOL","3 ANG MO KIO AVENUE 10 TOWNSVILLE PRIMARY SCHOOL SINGAPORE 569730","569730","30282.2422985248","38011.0245053861","1.36003263719251","103.853826048328","103.853826048328"
"UNITY PRIMARY SCHOOL","21","CHOA CHU KANG CRESCENT","UNITY PRIMARY SCHOOL","21 CHOA CHU KANG CRESCENT UNITY PRIMARY SCHOOL SINGAPORE 688268","688268","18374.1775784316","42746.2521210536","1.40285481877249","103.746822625758","103.746822625758"
"WATERWAY PRIMARY SCHOOL","70","PUNGGOL DRIVE","WATERWAY PRIMARY SCHOOL","70 PUNGGOL DRIVE WATERWAY PRIMARY SCHOOL SINGAPORE 828802","828802","37493.0794339105","42300.9820826873","1.3988280062658","103.918621581556","103.918621581556"
"WELLINGTON PRIMARY SCHOOL","10","WELLINGTON CIRCLE","WELLINGTON PRIMARY SCHOOL","10 WELLINGTON CIRCLE WELLINGTON PRIMARY SCHOOL SINGAPORE 757702","757702","26774.4825479258","48170.9998424742","1.45191585783116","103.82230605577","103.82230605577"
"WEST GROVE PRIMARY SCHOOL","1","JURONG WEST STREET 72","WEST GROVE PRIMARY SCHOOL","1 JURONG WEST STREET 72 WEST GROVE PRIMARY SCHOOL SINGAPORE 649223","649223","13083.6706046294","36335.8187624346","1.34487905600144","103.699286360581","103.699286360581"
"WEST SPRING PRIMARY SCHOOL","60","BUKIT PANJANG RING ROAD","WEST SPRING PRIMARY SCHOOL","60 BUKIT PANJANG RING ROAD WEST SPRING PRIMARY SCHOOL SINGAPORE 679946","679946","20515.6521669384","41208.8579608295","1.3889518240231","103.766065925932","103.766065925932"
"WEST VIEW PRIMARY SCHOOL","31","SENJA ROAD","WEST VIEW PRIMARY SCHOOL","31 SENJA ROAD WEST VIEW PRIMARY SCHOOL SINGAPORE 677742","677742","19867.3321747268","40625.4829824381","1.38367582003361","103.760240434318","103.760240434318"
"WESTWOOD PRIMARY SCHOOL","1","JURONG WEST STREET 73","WESTWOOD PRIMARY SCHOOL","1 JURONG WEST STREET 73 WESTWOOD PRIMARY SCHOOL SINGAPORE 649188","649188","13222.5567915831","36590.7433791012","1.34718456606377","103.70053420978","103.70053420978"
"WHITE SANDS PRIMARY SCHOOL","2","PASIR RIS STREET 11","WHITE SANDS PRIMARY SCHOOL","2 PASIR RIS STREET 11 WHITE SANDS PRIMARY SCHOOL SINGAPORE 519075","519075","42200.4040547693","38622.2636750322","1.36555714668556","103.960918869319","103.960918869319"
"WOODGROVE PRIMARY SCHOOL","2","WOODLANDS DRIVE 14","WOODGROVE PRIMARY SCHOOL","2 WOODLANDS DRIVE 14 WOODGROVE PRIMARY SCHOOL SINGAPORE 738079","738079","23246.5605064053","46090.8542425763","1.43310340168969","103.790604437613","103.790604437613"
"WOODLANDS PRIMARY SCHOOL","10","WOODLANDS DRIVE 50","WOODLANDS PRIMARY SCHOOL","10 WOODLANDS DRIVE 50 WOODLANDS PRIMARY SCHOOL SINGAPORE 738853","738853","23354.0808293363","46472.0799515154","1.43655108594233","103.791570546509","103.791570546509"
"WOODLANDS RING PRIMARY SCHOOL","11","WOODLANDS RING ROAD","WOODLANDS RING PRIMARY SCHOOL","11 WOODLANDS RING ROAD WOODLANDS RING PRIMARY SCHOOL SINGAPORE 738240","738240","24006.7839585375","46295.2823582552","1.4349522931586","103.797435733144","103.797435733144"
"XINGHUA PRIMARY SCHOOL","45","HOUGANG AVENUE 1","XINGHUA PRIMARY SCHOOL","45 HOUGANG AVENUE 1 XINGHUA PRIMARY SCHOOL SINGAPORE 538882","538882","34359.7422694266","37776.2619072292","1.35790893608186","103.890465047334","103.890465047334"
"XINGNAN PRIMARY SCHOOL","5","JURONG WEST STREET 91","XINGNAN PRIMARY SCHOOL","5 JURONG WEST STREET 91 XINGNAN PRIMARY SCHOOL SINGAPORE 649036","649036","11822.0669615427","36078.0729275402","1.34254744877696","103.687950252103","103.687950252103"
"XINMIN PRIMARY SCHOOL","9","HOUGANG AVENUE 8","XINMIN PRIMARY SCHOOL","9 HOUGANG AVENUE 8 XINMIN PRIMARY SCHOOL SINGAPORE 538784","538784","33537.9261037437","39267.5186706763","1.37139548941933","103.883080767491","103.883080767491"
"XISHAN PRIMARY SCHOOL","8","YISHUN STREET 21","XISHAN PRIMARY SCHOOL","8 YISHUN STREET 21 XISHAN PRIMARY SCHOOL SINGAPORE 768611","768611","28493.7422212632","46131.553663129","1.43347186925066","103.837755319448","103.837755319448"
"YANGZHENG PRIMARY SCHOOL","15","SERANGOON AVENUE 3","YANGZHENG PRIMARY SCHOOL","15 SERANGOON AVENUE 3 YANGZHENG PRIMARY SCHOOL SINGAPORE 556108","556108","31898.5564730614","36788.2079213746","1.3489737533151","103.868349549195","103.868349549195"
"YEW TEE PRIMARY SCHOOL","10","CHOA CHU KANG STREET 64","YEW TEE PRIMARY SCHOOL","10 CHOA CHU KANG STREET 64 YEW TEE PRIMARY SCHOOL SINGAPORE 689100","689100","18837.4187175743","42072.9598012883","1.39676596249722","103.750985438887","103.750985438887"
"YIO CHU KANG PRIMARY SCHOOL","1","HOUGANG STREET 51","YIO CHU KANG PRIMARY SCHOOL","1 HOUGANG STREET 51 YIO CHU KANG PRIMARY SCHOOL SINGAPORE 538720","538720","33823.1315680211","39990.3703038488","1.37793264345278","103.885643682171","103.885643682171"
"YISHUN PRIMARY SCHOOL","500","YISHUN RING ROAD","YISHUN PRIMARY SCHOOL","500 YISHUN RING ROAD YISHUN PRIMARY SCHOOL SINGAPORE 768679","768679","28085.5266117798","46122.0614720955","1.43338602948303","103.834087115915","103.834087115915"
"YU NENG PRIMARY SCHOOL","56","BEDOK NORTH STREET 3","YU NENG PRIMARY SCHOOL","56 BEDOK NORTH STREET 3 YU NENG PRIMARY SCHOOL SINGAPORE 469623","469623","38998.9447975559","35120.4068774227","1.33388900977814","103.932150334643","103.932150334643"
"YUHUA PRIMARY SCHOOL","158","JURONG EAST STREET 24","YUHUA PRIMARY SCHOOL","158 JURONG EAST STREET 24 YUHUA PRIMARY SCHOOL SINGAPORE 609558","609558","17737.9845447009","36105.9688093737","1.34280232811025","103.741108212538","103.741108212538"
"YUMIN PRIMARY SCHOOL","3","TAMPINES STREET 21","YUMIN PRIMARY SCHOOL","3 TAMPINES STREET 21 YUMIN PRIMARY SCHOOL SINGAPORE 529393","529393","41036.7447315333","37044.8092632666","1.35129177656982","103.950461927088","103.950461927088"
"ZHANGDE PRIMARY SCHOOL","51","JALAN MEMBINA","ZHANGDE PRIMARY SCHOOL","51 JALAN MEMBINA ZHANGDE PRIMARY SCHOOL SINGAPORE 169485","169485","27180.1468993295","29627.1075303163","1.28421153335382","103.825951875662","103.825951875662"
"ZHENGHUA PRIMARY SCHOOL","9","FAJAR ROAD","ZHENGHUA PRIMARY SCHOOL","9 FAJAR ROAD ZHENGHUA PRIMARY SCHOOL SINGAPORE 679002","679002","20877.0395431854","40169.1169131175","1.37954887512233","103.769313521752","103.769313521752"
"ZHONGHUA PRIMARY SCHOOL","12","SERANGOON AVENUE 4","ZHONGHUA PRIMARY SCHOOL","12 SERANGOON AVENUE 4 ZHONGHUA PRIMARY SCHOOL SINGAPORE 556095","556095","32055.7766133808","38029.916116083","1.3602032970505","103.869762438084","103.869762438084"